,capacity,alpha,fpr
0,10.0,0.481445,0.00606061
1,11.0,0.429199,0.00113636
2,12.0,0.535889,0.00364133
3,13.0,0.479492,0.00407021
4,14.0,0.462036,0.00369344
5,15.0,0.346008,0.00308397
6,16.0,0.49263,0.0037393
7,17.0,0.320312,0.00252207
8,18.0,0.160217,0.00128483
9,19.0,0.238935,0.00196963
10,20.0,0.447047,0.00344731
11,21.0,0.426002,0.00330617
