,capacity,alpha,fpr
0,10.0,0.993164,0.0282002
1,11.0,0.991699,0.0267484
2,12.0,0.99292,0.0265276
3,13.0,0.968384,0.0232292
4,14.0,0.974548,0.0228694
5,15.0,0.974548,0.0244781
6,16.0,0.966553,0.0224608
7,17.0,0.953819,0.0212627
8,18.0,0.968323,0.0225938
9,19.0,0.905735,0.0173935
10,20.0,0.966522,0.0227813
11,21.0,0.972114,0.0234348
