,capacity,alpha,fpr
0,10.0,0.846191,0.0125469
1,11.0,0.811035,0.0129421
2,12.0,0.888184,0.0146705
3,13.0,0.767731,0.0115271
4,14.0,0.878143,0.0134489
5,15.0,0.849289,0.0133625
6,16.0,0.888256,0.0138822
7,17.0,0.901752,0.013813
8,18.0,0.845279,0.012995
9,19.0,0.761405,0.0117114
10,20.0,0.697763,0.0107767
11,21.0,0.719551,0.0111344
