,capacity,alpha,fpr
0,10.0,0.836914,0.00992204
1,11.0,0.806152,0.0102157
2,12.0,0.830566,0.00995733
3,13.0,0.855103,0.0113452
4,14.0,0.558228,0.00595813
5,15.0,0.8508,0.0107042
6,16.0,0.869858,0.0114765
7,17.0,0.784348,0.0097988
8,18.0,0.770992,0.00917866
9,19.0,0.639242,0.00695508
10,20.0,0.820519,0.0104642
11,21.0,0.805003,0.0101063
