,capacity,alpha,fpr
0,10.0,0.956299,0.000255232
1,11.0,0.958984,6.36375
2,12.0,0.963074,9.5057
3,13.0,0.953674,6.3998
4,14.0,0.954025,7.19724
5,15.0,0.957779,5.97424
6,16.0,0.954918,5.39295
7,17.0,0.951963,5.00898
8,18.0,0.949012,4.5221
9,19.0,0.947011,5.58905
10,20.0,0.94649,5.86921
11,21.0,0.944727,5.89909
